{
  "name": "IDS Project",
  "dockerComposeFile": "../docker-compose.yml",
  "service": "datascience",
  "workspaceFolder": "/mnt/idsproject",
  
  "customizations": {
    "vscode": {
      "settings": {
        "python.defaultInterpreterPath": "/usr/local/bin/python3",
        "python.linting.enabled": true,
        "editor.formatOnSave": true,
        "editor.codeActionsOnSave": {
          "source.organizeImports": true
        }
      },
      "extensions": [
        "ms-python.python",
        "ms-python.vscode-pylance",
        "ms-toolsai.jupyter",
        "njpwerner.autodocstring",
        "ms-azuretools.vscode-docker"
      ]
    }
  }
}